<?xml version="1.0" encoding="UTF-8" ?>
<rss version="2.0">
<channel>
	<title>Lab 4 RSS Feed</title>
	<description>This RSS feed contains recent updates to some things that I follow</description>
	<link>https://afsws.rpi.edu/AFS/home/94/liuj42/public_html/lab%203/iit/</link>
	<lastBuildDate>Mon, 01 Mar 2021 07:11:00 GMT</lastBuildDate>
	<pubDate>Mon, 01 Mar 2021 07:11:00 GMT</pubDate>
 
	<item>
		<title>League of Legends Patch 11.4 Notes</title>
		<description>Information about the most recent patch for League of Legends.</description>
		<link>https://na.leagueoflegends.com/en-us/news/game-updates/patch-11-4-notes/</link>
		<guid>https://na.leagueoflegends.com/en-us/news/game-updates/patch-11-4-notes#18e55671-5bbe-44bf-b960-aaf639550514</guid>
	  <pubDate>Tue, 16 Feb 2021 10:30:00 -0500 </pubDate>
	</item>
	<item>
		<title>Osu Changelog</title>
		<description>Information about the most recent patch for Osu.</description>
		<link>https://osu.ppy.sh/home/changelog</link>
		<guid>https://osu.ppy.sh/home/changelog#90954519-5576-4235-b122-d24e5ae977e0</guid>
	  <pubDate>Fri, 26 Feb 2021 12:00:00 -0500 </pubDate>
	</item>
	<item>
		<title>Shingeki no Kyojin: The Final Season #12</title>
		<description>Information about the most recent episode of a show that has been airing.</description>
		<link>https://www.livechart.me/anime/9491</link>
		<guid>https://www.livechart.me/anime/9491#28f01cad-e5eb-4177-8ddb-4d5ff298cfc5</guid>
	  <pubDate>Sun, 28 Feb 2021 15:10:00 +0000</pubDate>
	</item>
	<item>
		<title>Warframe Patch notes</title>
		<description>Information about the most recent patch for Warframe.</description>
		<link>https://forums.warframe.com/topic/1250638-octavia-prime-hotfix-2991/</link>
		<guid>https://forums.warframe.com/topic/1250638-octavia-prime-hotfix-2991/#9bf48575-4ba9-4ee6-b4a5-52184fa73a7d</guid>
	  <pubDate>Wed, 24 Feb 2021 11:26:00 -0500 </pubDate>
	</item>
	<item>
		<title>Data Structures Homework</title>
		<description>Most recent data structures homework.</description>
		<link>https://www.cs.rpi.edu/academics/courses/spring21/csci1200/hw/04_dvd_lists/hw.pdf</link>
		<guid>https://www.cs.rpi.edu/academics/courses/spring21/csci1200/hw/04_dvd_lists/hw.pdf#df15fdd5-7c84-41e0-8ca7-d882bb61b16f</guid>
	  <pubDate>Fri, 26 Feb 2021 18:48:00 -0500 </pubDate>
	</item>
 
</channel>
</rss>

