
<!-- I used https://www.w3schools.com/xml/xml_validator.asp to validate the data -->

<?xml version="1.0" encoding="UTF-8"?>

<music>
	<artist name = "POLKADOT STINGRAY">
		<album>
			<name> 何者 (Nanimono) </name>
			<release> 12-16-2020 </release>
			<genre> J-Pop </genre>
				<song>
					<name> トゲめくスピカ (A Stinging Spica) </name>
					<length> 4:39 </length>
					<track_num> 1 </track_num>
					<file_name> POLKADOT_STINGRAY/何者/A_Stinging_Spica.flac </file_name>
				</song>
				<song>
					<name> FICTION </name>
					<length> 4:05 </length>
					<track_num> 2 </track_num>
					<file_name> POLKADOT_STINGRAY/何者/FICTION.flac </file_name>
				</song>
				<song>
					<name> FREE </name>
					<length> 2:55 </length>
					<track_num> 3 </track_num>
					<file_name> POLKADOT_STINGRAY/何者/FREE.flac </file_name>
				</song>
				<song>
					<name> SQUEEZE </name>
					<length> 3:28 </length>
					<track_num> 4 </track_num>
					<file_name> POLKADOT_STINGRAY/何者/SQUEEZE.flac </file_name>
				</song>
				<song>
					<name> バケノカワ (Bakenokawa) </name>
					<length> 3:33 </length>
					<track_num> 5 </track_num>
					<file_name> POLKADOT_STINGRAY/何者/バケノカワ.flac </file_name>
				</song>
				<song>
					<name> SHAKE! SHAKE! (雫カリウタ ver.) </name>
					<length> 3:11 </length>
					<track_num> 6 </track_num>
					<file_name> POLKADOT_STINGRAY/何者/SHAKE!SHAKE!.flac </file_name>
				</song>
				<song>
					<name> 阿吽 (A-Un) </name>
					<length> 4:19 </length>
					<track_num> 7 </track_num>
					<file_name> POLKADOT_STINGRAY/Nanimono/阿吽.flac </file_name>
				</song>
				<song>
					<name> 女神 (Athena) </name>
					<length> 3:56 </length>
					<track_num> 8 </track_num>
					<file_name> POLKADOT_STINGRAY/何者/女神.flac </file_name>
				</song>
				<song>
					<name> JET </name>
					<length> 4:45 </length>
					<track_num> 9 </track_num>
					<file_name> POLKADOT_STINGRAY/何者/JET.flac </file_name>
				</song>
				<song>
					<name> ストップ・モーション (STOP MOTION) </name>
					<length> 3:20 </length>
					<track_num> 10 </track_num>
					<file_name> POLKADOT_STINGRAY/何者/ストップ・モーション.flac </file_name>
				</song>
				<song>
					<name> さよならイエロー (Sayonara Yellow) </name>
					<length> 3:03 </length>
					<track_num> 11 </track_num>
					<file_name> POLKADOT_STINGRAY/何者/さよならイエロー.flac </file_name>
				</song>
				<song>
					<name> 化身 (Keshin) </name>
					<length> 3:17 </length>
					<track_num> 12 </track_num>
					<file_name> POLKADOT_STINGRAY/何者/化身.flac </file_name>
				</song>
				<song>
					<name> 何者 (Nanimono) </name>
					<length> 4:32 </length>
					<track_num> 13 </track_num>
					<file_name> POLKADOT_STINGRAY/何者/何者.flac </file_name>
				</song>
				<song>
					<name> POSE (何者 ver.) </name>
					<length> 3:47 </length>
					<track_num> 14 </track_num>
					<file_name> POLKADOT_STINGRAY/何者/POSE.flac </file_name>
				</song>
		</album>		
		<album>
			<name> 骨抜き (Honenuki)  </name>
			<release> 11-19-2016 </release>
			<song>
				<name> ハルシオン (HALCYON) </name>
				<length> 3:53 </length>
				<track_num> 1 </track_num>
				<file_name> POLKADOT_STINGRAY/骨抜き/ハルシオン.flac </file_name>
			</song>
			<song>
				<name> 心ここにあらず (KokoroKokoniArazu) </name>
				<length> 5:00 </length>
				<track_num> 2 </track_num>
				<file_name> POLKADOT_STINGRAY/骨抜き/心ここにあらず.flac </file_name>
			</song>
			<song>
				<name> 人魚 (The Mermaid) </name>
				<length> 3:35 </length>
				<track_num> 3 </track_num>
				<file_name> POLKADOT_STINGRAY/骨抜き/人魚.flac </file_name>
			</song>
			<song>
				<name> テレキャスター･ストライプ (Telecaster Stripes) </name>
				<length> 3:53 </length>
				<track_num> 4 </track_num>
				<file_name> POLKADOT_STINGRAY/骨抜き/</file_name>
			</song>

		</album>
	</artist>

</music>
